[
    {
        "model": "guestsmanagement.Product",
        "id": 1,
        "fields": {
        "name": "Tea pot",
        "brand": "Le Creuset",
        "price": "47",
        "in_stock_quantity": 40
    }
    },
    {
        "model": "guestsmanagement.Product",
        "id": 2,
        "fields": {
            "name": "Cast Iron Oval Casserole - 25cm; Volcanic",
            "brand": "Le Creuset",
            "price": "210.00GBP",
            "in_stock_quantity": 27
        }
    },
    {
        "model": "guestsmanagement.Product",
        "id": 3,
        "fields": {
            "name": "Gordon Ramsay Maze 12 Piece Set, White",
            "brand": "ROYAL DOULTON",
            "price": "85.00GBP",
            "in_stock_quantity": 2
        }
    },
    {
        "model": "guestsmanagement.Product",
        "id": 4,
        "fields": {
            "name": "9-speed Hand Mixer; Almond Cream",
            "brand": "KITCHENAID",
            "price": "99.99GBP",
            "in_stock_quantity": 9
        }
    },
    {
        "model": "guestsmanagement.Product",
        "id": 5,
        "fields": {
            "name": "Mini Stand Mixer; Empire Red",
            "brand": "KITCHENAID",
            "price": "399.00GBP",
            "in_stock_quantity": 2
        }
    },
    {
        "model": "guestsmanagement.Product",
        "id": 6,
        "fields": {
            "name": "50's Style Stand Mixer, Full-Colour White",
            "brand": "SMEG SMALL APPLIANCES",
            "price": "449.00GBP",
            "in_stock_quantity": 0
        }
    },
    {
        "model": "guestsmanagement.Product",
        "id": 7,
        "fields": {
            "name": "50's Style Stand Mixer, Black",
            "brand": "SMEG SMALL APPLIANCES",
            "price": "449.99GBP",
            "in_stock_quantity": 1
        }
    },
    {
        "model": "guestsmanagement.Product",
        "id": 8,
        "fields": {
            "name": "Polka Bedding Set, King, Silver",
            "brand": "BEAU LIVING",
            "price": "105.00GBP",
            "in_stock_quantity": 5
        }
    },
    {
        "model": "guestsmanagement.Product",
        "id": 9,
        "fields": {
            "name": "Paignton Bedding Set, King, White",
            "brand": "BEAU LIVING",
            "price": "105.00GBP",
            "in_stock_quantity": 0
        }
    },
    {
        "model": "guestsmanagement.Product",
        "id": 10,
        "fields": {
            "name": "Original Kettle E-5710 Charcoal Barbecue - 57cm; Black",
            "brand": "WEBER GRILLS",
            "price": "199.99GBP",
            "in_stock_quantity": 1
        }
    },
    {
        "model": "guestsmanagement.Product",
        "id": 11,
        "fields": {
            "name": "Compact Charcoal Grill, 57 cm",
            "brand": "WEBER GRILLS",
            "price": "139.99GBP",
            "in_stock_quantity": 29
        }
    },
    {
        "model": "guestsmanagement.Product",
        "id": 12,
        "fields": {
            "name": "Falcon T2 Square Parasol, 2.7m, Taupe",
            "brand": "GARDENSTORE",
            "price": "344.99GBP",
            "in_stock_quantity": 5
        }
    },
    {
        "model": "guestsmanagement.Product",
        "id": 13,
        "fields": {
            "name": "Riva Round Parasol - 3m; Anthracite",
            "brand": "GARDENSTORE",
            "price": "79.99GBP",
            "in_stock_quantity": 8
        }
    },
    {
        "model": "guestsmanagement.Product",
        "id": 14,
        "fields": {
            "name": "Glow Challenger T2 Square Parasol - 3m, Taupe",
            "brand": "GARDENSTORE",
            "price": "619.99GBP",
            "in_stock_quantity": 30
        }
    },
    {
        "model": "guestsmanagement.Product",
        "id": 15,
        "fields": {
            "name": "Ceramic Bottle Lamp, Small",
            "brand": "THE WHITE COMPANY",
            "price": "95.00GBP",
            "in_stock_quantity": 0
        }
    },
    {
        "model": "guestsmanagement.Product",
        "id": 16,
        "fields": {
            "name": "Gold Sitting Mouse Lamp",
            "brand": "GRAHAM & GREEN",
            "price": "73.00GBP",
            "in_stock_quantity": 3
        }
    },
    {
        "model": "guestsmanagement.Product",
        "id": 17,
        "fields": {
            "name": "Usha Mango Wood Lamp Base",
            "brand": "NKUKU",
            "price": "49.95GBP",
            "in_stock_quantity": 12
        }
    },
    {
        "model": "guestsmanagement.Product",
        "id": 18,
        "fields": {
            "name": "Sea Green Honeycomb Glass Lamp",
            "brand": "GRAHAM & GREEN",
            "price": "95.00GBP",
            "in_stock_quantity": 4
        }
    },
    {
        "model": "guestsmanagement.Product",
        "id": 19,
        "fields": {
            "name": "Faux Tortoiseshell Lamp",
            "brand": "OKA",
            "price": "175.00GBP",
            "in_stock_quantity": 10
        }
    },
    {
        "model": "guestsmanagement.Product",
        "id": 20,
        "fields": {
            "name": "2 Person Blue Tweed Hamper",
            "brand": "WILLOW STORE",
            "price": "85.50GBP",
            "in_stock_quantity": 2
        }
    }
]